Age,Gender,Weight_kg,Height_cm,BMI,Disease_Type,Severity,Physical_Activity_Level,Daily_Caloric_Intake
56,Male,58.4,160,22.8,Obesity,Moderate,Moderate,3079
69,Male,101.2,169,35.4,Diabetes,Mild,Moderate,3032
46,Female,63.5,173,21.2,Hypertension,Mild,Sedentary,1737
32,Male,58.1,164,21.6,,Mild,Moderate,2657
60,Male,79.5,197,20.5,Diabetes,Moderate,Sedentary,3496
25,Female,105.7,156,43.4,Obesity,Severe,Active,2715
78,Male,102.2,170,35.4,,Mild,Active,2879
38,Male,53.8,191,14.7,Diabetes,Severe,Moderate,1777
56,Male,81.9,175,26.7,Obesity,Severe,Active,2541
75,Male,86.6,193,23.2,Hypertension,Moderate,Active,2023
36,Male,95.1,163,35.8,Hypertension,Mild,Moderate,1679
40,Female,95.5,186,27.6,Diabetes,Severe,Sedentary,1622
28,Male,75.5,170,26.1,Diabetes,Mild,Moderate,2769
28,Male,89.2,167,32,Obesity,Mild,Sedentary,3257
41,Male,83.7,154,35.3,,Moderate,Moderate,2896
70,Male,111.9,152,48.4,Obesity,Mild,Moderate,2574
53,Male,87.1,172,29.4,Hypertension,Mild,Active,2594
57,Female,80.9,175,26.4,Diabetes,Severe,Moderate,1979
41,Male,78.3,186,22.6,Obesity,Moderate,Moderate,3083
20,Female,90.1,173,30.1,Diabetes,Mild,Sedentary,2542
39,Female,106.3,198,27.1,,Severe,Active,3297
70,Male,87.7,168,31.1,,Moderate,Sedentary,1583
19,Male,96.3,174,31.8,Obesity,Moderate,Sedentary,2678
41,Male,101.6,170,35.2,,Severe,Active,2064
61,Male,86.4,161,33.3,Diabetes,Severe,Active,2118
47,Female,79.9,190,22.1,Obesity,Severe,Active,1856
55,Male,111.4,182,33.6,Hypertension,Severe,Moderate,2315
19,Male,79.2,199,20,,Severe,Active,2146
77,Male,82.3,153,35.2,Diabetes,Mild,Active,1942
38,Male,119.3,191,32.7,Obesity,Mild,Active,2592
50,Male,50,156,20.5,,Moderate,Sedentary,2022
29,Male,63,171,21.5,Diabetes,Mild,Sedentary,1642
75,Female,76.9,182,23.2,Hypertension,Mild,Moderate,1691
39,Female,115.3,166,41.8,Obesity,Mild,Sedentary,2910
78,Male,54.9,173,18.3,Hypertension,Severe,Moderate,1877
61,Male,50.7,183,15.1,Diabetes,Moderate,Sedentary,2080
42,Male,53.7,177,17.1,Diabetes,Moderate,Active,2034
66,Female,56.2,192,15.2,Diabetes,Moderate,Sedentary,3216
44,Male,52.6,190,14.6,,Moderate,Moderate,2816
76,Female,83.6,188,23.7,Hypertension,Mild,Sedentary,2532
59,Male,90.7,171,31,Diabetes,Mild,Active,2794
45,Male,69,198,17.6,Hypertension,Severe,Moderate,2910
77,Male,77.9,166,28.3,Hypertension,Moderate,Active,1592
33,Male,56.4,183,16.8,Diabetes,Mild,Active,3489
32,Female,73.5,155,30.6,Hypertension,Mild,Moderate,2028
79,Female,86.6,195,22.8,Hypertension,Severe,Active,2677
79,Male,101.3,155,42.2,Hypertension,Severe,Active,1904
64,Male,50.2,183,15,Obesity,Severe,Sedentary,2339
79,Female,82.7,150,36.8,Diabetes,Mild,Active,2672
68,Female,70.8,159,28,Obesity,Mild,Active,2388
61,Female,109.7,170,38,Hypertension,Severe,Active,2790
72,Female,100.1,154,42.2,Hypertension,Moderate,Active,1921
69,Male,91.2,151,40,Obesity,Severe,Moderate,3363
74,Female,69.4,171,23.7,Hypertension,Severe,Sedentary,3141
20,Male,113.7,197,29.3,,Severe,Active,1971
54,Female,53.2,151,23.3,Obesity,Severe,Active,2392
68,Female,57.7,159,22.8,Hypertension,Mild,Moderate,2046
24,Female,77.4,183,23.1,,Moderate,Active,2130
38,Female,58.7,165,21.6,Obesity,Severe,Moderate,3049
26,Female,116.9,197,30.1,Diabetes,Moderate,Sedentary,3026
56,Male,105.9,188,30,Diabetes,Moderate,Sedentary,2537
35,Male,68.1,171,23.3,Diabetes,Moderate,Active,2277
21,Female,91.2,161,35.2,,Severe,Active,3175
42,Female,118.8,173,39.7,Obesity,Mild,Active,3329
77,Male,111.9,196,29.1,,Severe,Moderate,1863
31,Female,92.1,189,25.8,Obesity,Moderate,Active,1618
67,Female,113.3,187,32.4,Hypertension,Moderate,Active,2761
75,Male,119.2,159,47.2,Diabetes,Mild,Sedentary,2045
26,Female,102,184,30.1,Obesity,Severe,Active,2692
43,Female,54.5,198,13.9,Hypertension,Moderate,Sedentary,2021
70,Male,78.1,181,23.8,,Mild,Active,2133
19,Male,108.6,156,44.6,Diabetes,Moderate,Sedentary,3436
37,Male,66.1,170,22.9,Hypertension,Mild,Active,3180
45,Female,108.1,169,37.8,Obesity,Mild,Sedentary,2462
64,Male,58.4,175,19.1,Obesity,Severe,Moderate,2457
77,Male,53.3,153,22.8,Hypertension,Moderate,Sedentary,3258
24,Male,76.9,195,20.2,Obesity,Severe,Sedentary,2382
61,Male,52.6,171,18,Diabetes,Moderate,Sedentary,3292
78,Male,117,164,43.5,Obesity,Severe,Active,2279
25,Male,107.8,189,30.2,Obesity,Moderate,Active,2370
64,Female,106.1,170,36.7,,Severe,Active,2015
52,Female,94.1,164,35,,Mild,Moderate,2437
31,Male,65.1,171,22.3,Hypertension,Moderate,Moderate,2920
34,Male,86.3,177,27.5,Diabetes,Moderate,Sedentary,2365
53,Male,91.8,163,34.6,,Mild,Moderate,1605
67,Female,86.8,176,28,Hypertension,Severe,Sedentary,2608
57,Female,68.2,190,18.9,,Moderate,Sedentary,1713
21,Female,86.1,189,24.1,Diabetes,Moderate,Sedentary,2644
19,Female,84.4,177,26.9,Obesity,Severe,Moderate,2655
79,Female,119.7,175,39.1,,Mild,Active,2349
23,Female,112.8,198,28.8,,Severe,Moderate,1696
71,Female,82.4,151,36.1,Hypertension,Severe,Sedentary,1518
59,Female,93.6,174,30.9,Obesity,Severe,Sedentary,2141
21,Female,102.4,152,44.3,Hypertension,Moderate,Moderate,2535
71,Male,52.4,157,21.3,Diabetes,Mild,Sedentary,2604
46,Male,112.6,193,30.2,Obesity,Mild,Sedentary,1829
35,Male,110.2,182,33.3,Obesity,Severe,Moderate,2365
43,Male,82,191,22.5,,Moderate,Moderate,2273
61,Female,77.4,184,22.9,Hypertension,Severe,Moderate,1891
51,Female,69.1,155,28.8,Diabetes,Moderate,Sedentary,2136
27,Male,83.4,188,23.6,Diabetes,Moderate,Sedentary,1806
79,Female,53.1,172,17.9,Hypertension,Moderate,Active,2790
53,Male,109.7,174,36.2,Hypertension,Moderate,Active,2970
31,Female,52.5,199,13.3,Obesity,Mild,Moderate,2964
48,Male,73,192,19.8,Hypertension,Moderate,Active,2394
65,Female,115.2,168,40.8,,Moderate,Sedentary,2151
32,Female,101.5,154,42.8,,Severe,Active,2340
25,Male,69.7,160,27.2,Obesity,Severe,Sedentary,2525
31,Female,67.7,161,26.1,,Mild,Moderate,2019
40,Male,50.4,159,19.9,Obesity,Severe,Moderate,3285
77,Male,98.7,157,40,Hypertension,Moderate,Sedentary,3174
74,Male,53.4,173,17.8,Diabetes,Severe,Active,2135
79,Male,87.3,177,27.9,Hypertension,Mild,Moderate,2832
57,Female,117.3,190,32.5,Hypertension,Severe,Moderate,2239
38,Female,57.7,185,16.9,,Severe,Active,3045
33,Female,112.6,186,32.5,Hypertension,Mild,Active,1968
62,Male,119.4,170,41.3,,Mild,Sedentary,1711
35,Female,54.3,157,22,Obesity,Moderate,Active,2635
64,Male,111.8,158,44.8,Diabetes,Severe,Active,2531
70,Female,86.1,196,22.4,,Moderate,Active,2303
41,Female,113.5,164,42.2,Hypertension,Severe,Sedentary,1976
43,Female,90,197,23.2,Hypertension,Severe,Sedentary,2373
42,Male,96.3,195,25.3,Obesity,Moderate,Moderate,1959
77,Female,88.1,189,24.7,Diabetes,Severe,Sedentary,1752
77,Female,110.5,167,39.6,Obesity,Severe,Moderate,3049
77,Male,101.4,191,27.8,Hypertension,Severe,Active,2251
62,Female,86.5,169,30.3,Hypertension,Mild,Moderate,2961
58,Male,110.8,155,46.1,,Moderate,Moderate,3277
46,Female,67.2,161,25.9,Hypertension,Mild,Active,2480
32,Male,61,151,26.8,Diabetes,Moderate,Moderate,2353
62,Male,61.2,156,25.1,Hypertension,Moderate,Sedentary,3184
18,Female,73.4,165,27,,Severe,Sedentary,1735
42,Male,66.7,152,28.9,Diabetes,Moderate,Sedentary,2829
24,Male,115.1,194,30.6,Diabetes,Mild,Sedentary,1977
26,Male,57.4,152,24.8,Diabetes,Mild,Moderate,2178
41,Male,98.9,176,31.9,Diabetes,Mild,Moderate,2543
18,Male,63.2,199,16,,Moderate,Active,1715
61,Male,111.7,192,30.3,Obesity,Mild,Moderate,2354
25,Female,117.3,189,32.8,Hypertension,Moderate,Moderate,1634
41,Male,82.6,187,23.6,Obesity,Mild,Moderate,2404
28,Male,111.5,182,33.7,Hypertension,Mild,Active,2652
68,Female,50.4,177,16.1,,Moderate,Sedentary,1909
34,Female,107.4,150,47.7,,Mild,Moderate,2945
25,Female,66,157,26.8,Hypertension,Severe,Active,2817
52,Female,113.6,186,32.8,,Moderate,Active,2769
52,Female,50.1,181,15.3,Obesity,Moderate,Active,3224
50,Female,88.9,197,22.9,Hypertension,Moderate,Sedentary,3079
76,Female,103,192,27.9,Diabetes,Severe,Moderate,1585
22,Male,68.1,186,19.7,Hypertension,Moderate,Active,2055
59,Male,63.5,153,27.1,Obesity,Mild,Sedentary,3365
56,Female,55.9,179,17.4,,Mild,Active,2898
75,Male,72.9,155,30.3,Obesity,Mild,Active,2969
58,Male,89.2,195,23.5,,Moderate,Active,1877
45,Male,58.1,168,20.6,Obesity,Mild,Active,2913
24,Female,76.4,181,23.3,,Moderate,Active,3180
26,Female,50.6,158,20.3,Obesity,Mild,Sedentary,2574
25,Male,107.3,161,41.4,Hypertension,Severe,Moderate,1741
29,Female,59,160,23,Hypertension,Severe,Moderate,2817
51,Male,69.8,195,18.4,,Severe,Moderate,2419
50,Male,51.3,165,18.8,Diabetes,Severe,Moderate,3086
65,Male,80.3,150,35.7,,Moderate,Sedentary,1765
72,Male,108.8,194,28.9,Diabetes,Mild,Sedentary,2643
40,Female,77.5,170,26.8,Hypertension,Severe,Sedentary,2211
79,Female,62.6,179,19.5,,Moderate,Active,3440
41,Female,102.8,162,39.2,Diabetes,Severe,Active,2771
54,Male,105.2,183,31.4,Diabetes,Severe,Active,1569
52,Female,62.2,153,26.6,Hypertension,Moderate,Moderate,3376
61,Male,104,177,33.2,,Moderate,Active,1556
57,Female,116.3,187,33.3,Diabetes,Mild,Moderate,2905
39,Male,61.6,180,19,,Mild,Active,1538
44,Male,104,176,33.6,Diabetes,Severe,Moderate,2300
52,Male,99.6,154,42,,Severe,Active,2966
18,Female,83.2,174,27.5,,Mild,Active,2541
52,Female,54.1,152,23.4,Hypertension,Mild,Sedentary,3475
54,Female,55.2,182,16.7,Hypertension,Moderate,Active,2231
64,Female,109.7,153,46.9,Hypertension,Mild,Active,2324
31,Male,119.3,174,39.4,Obesity,Mild,Sedentary,2255
20,Female,97.3,169,34.1,Diabetes,Severe,Moderate,1851
18,Female,81.2,183,24.2,Diabetes,Mild,Sedentary,3495
22,Male,95.3,175,31.1,Diabetes,Severe,Sedentary,3339
43,Male,91.6,154,38.6,Hypertension,Mild,Moderate,2821
72,Male,76.9,184,22.7,Diabetes,Moderate,Active,1782
31,Female,54.6,177,17.4,Obesity,Mild,Moderate,3109
56,Male,107.5,178,33.9,,Mild,Active,1609
44,Male,76,158,30.4,Hypertension,Mild,Active,2516
26,Male,107.3,187,30.7,Hypertension,Severe,Moderate,2703
32,Female,67.7,199,17.1,Hypertension,Moderate,Sedentary,3461
32,Male,50.1,155,20.9,,Mild,Moderate,2043
43,Female,61.1,168,21.6,,Severe,Active,3269
59,Female,82.8,193,22.2,,Moderate,Moderate,3317
77,Male,116.1,160,45.4,,Severe,Moderate,1524
30,Male,57.2,151,25.1,Diabetes,Severe,Active,2342
68,Female,109.8,196,28.6,,Moderate,Sedentary,2290
49,Male,86.9,193,23.3,Obesity,Mild,Moderate,2237
56,Male,107.8,193,28.9,Diabetes,Severe,Active,1556
66,Female,70.9,158,28.4,,Severe,Active,1679
69,Female,108.8,170,37.6,Diabetes,Mild,Moderate,1731
78,Male,104.1,173,34.8,Obesity,Mild,Sedentary,3417
49,Female,66.1,183,19.7,Diabetes,Moderate,Moderate,1842
21,Male,59.2,171,20.2,Hypertension,Moderate,Sedentary,1976
47,Male,110.8,152,48,Obesity,Moderate,Sedentary,3322
54,Male,117.4,161,45.3,Hypertension,Mild,Sedentary,2075
40,Female,52.2,177,16.7,Hypertension,Severe,Sedentary,1954
56,Male,101.2,179,31.6,Hypertension,Severe,Moderate,2755
62,Male,113.7,175,37.1,,Moderate,Active,1788
32,Male,110,197,28.3,Diabetes,Mild,Active,2736
60,Female,117.5,170,40.7,Hypertension,Severe,Active,1757
46,Female,103.2,177,32.9,,Moderate,Active,2029
53,Female,81,175,26.4,,Severe,Active,2186
30,Female,71.8,182,21.7,Hypertension,Severe,Active,2428
49,Female,72.5,170,25.1,Obesity,Mild,Moderate,1728
24,Male,100.7,184,29.7,,Mild,Sedentary,2749
76,Female,102.2,183,30.5,,Severe,Active,2095
68,Female,64,190,17.7,Hypertension,Moderate,Moderate,3326
39,Female,110.8,196,28.8,Diabetes,Mild,Active,1934
45,Male,100,167,35.9,Diabetes,Severe,Active,2381
19,Female,89.4,160,34.9,Diabetes,Mild,Sedentary,2520
59,Female,83,172,28.1,Hypertension,Mild,Sedentary,3281
62,Male,88,197,22.7,Diabetes,Mild,Sedentary,1901
79,Female,61.1,171,20.9,Obesity,Severe,Active,2121
74,Male,64.3,166,23.3,Hypertension,Moderate,Active,3289
70,Male,56.4,154,23.8,Diabetes,Moderate,Active,1587
23,Male,60.8,193,16.3,,Moderate,Sedentary,2083
45,Male,81.8,160,32,Hypertension,Mild,Moderate,3416
45,Male,87.1,179,27.2,Diabetes,Severe,Active,3065
61,Female,51.3,164,19.1,,Mild,Active,3207
61,Male,105.8,176,34.2,Diabetes,Moderate,Active,1808
37,Male,70.6,184,20.9,Obesity,Moderate,Moderate,2405
47,Female,113.8,182,34.4,Obesity,Severe,Active,1842
79,Male,117.7,169,41.2,Hypertension,Mild,Moderate,1935
28,Female,63,165,23.1,,Moderate,Active,1676
75,Female,82.3,183,24.6,Hypertension,Severe,Moderate,1638
72,Female,50.1,151,22,Hypertension,Mild,Active,1693
45,Male,91.9,184,27.1,Diabetes,Mild,Sedentary,2709
42,Male,92.5,189,25.9,Diabetes,Moderate,Sedentary,2741
56,Male,67.3,177,21.5,,Moderate,Sedentary,2687
79,Female,89.1,196,23.2,Hypertension,Mild,Sedentary,2684
50,Male,65.8,188,18.6,Hypertension,Mild,Active,2442
18,Male,61.3,155,25.5,Hypertension,Moderate,Sedentary,2024
74,Male,95.6,158,38.3,Hypertension,Mild,Moderate,3331
44,Female,72.8,169,25.5,Diabetes,Moderate,Sedentary,3124
79,Female,91.3,150,40.6,Hypertension,Mild,Sedentary,3359
74,Male,80.3,157,32.6,Obesity,Moderate,Sedentary,2565
69,Male,118.9,172,40.2,Diabetes,Severe,Active,2414
30,Male,60.5,152,26.2,Diabetes,Moderate,Sedentary,1709
58,Male,82.5,153,35.2,Diabetes,Moderate,Moderate,2240
20,Female,97.6,174,32.2,Hypertension,Severe,Sedentary,2361
56,Female,77.7,196,20.2,,Mild,Sedentary,2798
23,Female,118.2,187,33.8,Diabetes,Severe,Sedentary,2453
25,Female,100.5,164,37.4,Diabetes,Moderate,Moderate,2802
44,Male,96,170,33.2,Hypertension,Mild,Sedentary,2774
26,Male,103,184,30.4,Obesity,Severe,Moderate,2833
79,Male,116.7,195,30.7,Obesity,Mild,Moderate,3243
54,Female,113.5,163,42.7,Hypertension,Mild,Sedentary,2332
50,Male,100.7,185,29.4,Obesity,Severe,Moderate,1639
68,Female,102.4,161,39.5,Obesity,Mild,Active,2291
59,Female,60.2,166,21.8,,Severe,Sedentary,2045
61,Male,57.2,188,16.2,,Moderate,Sedentary,3344
41,Male,90,158,36.1,Diabetes,Mild,Moderate,2516
32,Male,51.3,184,15.2,Diabetes,Moderate,Moderate,3427
76,Female,83.8,162,31.9,Diabetes,Moderate,Sedentary,3053
71,Male,64.7,164,24.1,Hypertension,Mild,Active,1556
49,Female,74.2,167,26.6,,Severe,Moderate,1611
49,Male,104.3,182,31.5,Hypertension,Mild,Moderate,1504
41,Female,115.9,155,48.2,Diabetes,Moderate,Active,2933
58,Female,55.1,176,17.8,Obesity,Moderate,Active,2937
69,Male,87.4,172,29.5,Hypertension,Severe,Sedentary,2705
66,Female,111.8,176,36.1,Diabetes,Mild,Active,2536
79,Female,55.8,183,16.7,Hypertension,Moderate,Sedentary,2862
66,Male,107.7,195,28.3,Hypertension,Moderate,Active,3320
75,Female,75,187,21.4,Obesity,Moderate,Moderate,2782
69,Male,72.5,163,27.3,Diabetes,Severe,Sedentary,1589
29,Female,118.4,185,34.6,Diabetes,Moderate,Sedentary,2115
79,Male,64.1,157,26,Hypertension,Moderate,Sedentary,2390
56,Male,98.5,184,29.1,Diabetes,Mild,Active,2197
19,Female,107.5,168,38.1,Obesity,Mild,Moderate,2773
20,Female,52.9,179,16.5,Hypertension,Moderate,Sedentary,2778
66,Female,96.9,163,36.5,Hypertension,Moderate,Sedentary,3111
54,Female,116.6,169,40.8,,Mild,Sedentary,2397
66,Female,58.7,198,15,Obesity,Severe,Sedentary,2470
73,Male,112.7,174,37.2,Diabetes,Severe,Moderate,2631
34,Female,91.6,189,25.6,Hypertension,Severe,Active,2167
76,Male,93.2,173,31.1,Obesity,Severe,Moderate,2093
66,Male,92.9,163,35,Obesity,Severe,Sedentary,2088
19,Female,70.9,175,23.2,Diabetes,Severe,Moderate,1984
19,Male,115.5,187,33,,Severe,Sedentary,2481
45,Male,116.3,172,39.3,Hypertension,Severe,Active,2471
71,Male,93.8,171,32.1,Diabetes,Mild,Active,2781
40,Male,104.8,197,27,Diabetes,Severe,Active,2138
54,Female,92.9,168,32.9,Diabetes,Severe,Sedentary,2496
49,Male,83.9,195,22.1,,Severe,Moderate,3426
50,Female,96.3,152,41.7,Diabetes,Moderate,Active,1781
18,Female,88.7,191,24.3,Diabetes,Mild,Sedentary,2485
36,Male,91.8,168,32.5,,Mild,Sedentary,2611
79,Female,104.9,158,42,Hypertension,Mild,Moderate,2727
19,Female,83.7,177,26.7,Diabetes,Severe,Active,1515
70,Female,52.9,169,18.5,Diabetes,Severe,Sedentary,2674
61,Male,61.5,194,16.3,Diabetes,Moderate,Moderate,2435
43,Female,80.7,156,33.2,Diabetes,Mild,Active,1753
49,Female,100.7,163,37.9,Obesity,Severe,Moderate,2711
23,Female,91.5,158,36.7,Diabetes,Mild,Moderate,1828
49,Male,95.5,168,33.8,Diabetes,Moderate,Sedentary,2043
72,Female,83.5,196,21.7,Obesity,Moderate,Sedentary,2282
21,Male,93.1,163,35,Obesity,Moderate,Sedentary,2496
72,Male,73,187,20.9,Hypertension,Mild,Moderate,2920
28,Male,82.9,185,24.2,Hypertension,Severe,Sedentary,3040
73,Male,102.1,189,28.6,Hypertension,Severe,Moderate,2982
76,Male,111,166,40.3,Hypertension,Moderate,Moderate,2853
34,Male,80.4,179,25.1,Hypertension,Severe,Sedentary,3343
55,Female,53.1,158,21.3,Hypertension,Moderate,Active,2344
41,Male,61.3,182,18.5,,Mild,Active,2692
22,Female,51.5,174,17,Diabetes,Moderate,Active,3216
69,Female,95.7,163,36,Obesity,Mild,Moderate,1865
51,Male,73.3,160,28.6,Diabetes,Moderate,Moderate,2701
23,Female,88,184,26,Obesity,Severe,Moderate,2154
39,Female,84.5,190,23.4,Obesity,Severe,Sedentary,2885
28,Female,55.7,163,21,,Moderate,Moderate,2259
65,Female,78.2,179,24.4,Diabetes,Severe,Sedentary,2138
33,Male,65.4,190,18.1,Hypertension,Severe,Sedentary,3298
50,Female,79.3,153,33.9,Hypertension,Severe,Active,2563
26,Male,64.3,153,27.5,Obesity,Mild,Active,2423
77,Female,108.8,177,34.7,Hypertension,Severe,Active,1915
76,Female,62.2,157,25.2,Hypertension,Mild,Sedentary,2878
23,Male,117.3,151,51.4,Hypertension,Moderate,Sedentary,1754
33,Female,79.1,190,21.9,Hypertension,Severe,Sedentary,2666
46,Female,109.2,195,28.7,Hypertension,Severe,Moderate,3275
20,Female,94,171,32.1,Diabetes,Severe,Sedentary,3263
37,Male,101.5,190,28.1,,Moderate,Active,3376
77,Female,103.7,165,38.1,Obesity,Mild,Active,2209
76,Male,85.3,178,26.9,,Mild,Sedentary,2076
53,Female,88,198,22.4,Diabetes,Severe,Sedentary,2399
36,Male,86,197,22.2,,Moderate,Active,1510
43,Male,91.2,179,28.5,,Moderate,Sedentary,3143
20,Female,52.1,161,20.1,Obesity,Moderate,Active,1525
36,Female,77.7,184,23,Obesity,Moderate,Moderate,2456
37,Male,92.4,160,36.1,Hypertension,Moderate,Active,1920
49,Male,91.8,195,24.1,,Mild,Moderate,3186
24,Female,105.5,199,26.6,Hypertension,Mild,Sedentary,2744
69,Male,95.9,170,33.2,Diabetes,Mild,Sedentary,3376
58,Female,119.4,170,41.3,Hypertension,Severe,Moderate,1995
50,Female,69.9,154,29.5,,Moderate,Sedentary,2760
57,Female,75.1,197,19.4,,Severe,Moderate,1736
56,Female,76.9,169,26.9,,Moderate,Sedentary,2508
35,Male,82.6,186,23.9,Obesity,Mild,Active,1718
57,Female,108.5,152,47,Diabetes,Severe,Sedentary,3010
18,Male,66.5,193,17.9,Diabetes,Mild,Active,3459
28,Female,104.3,182,31.5,Diabetes,Moderate,Active,1960
45,Male,78.4,158,31.4,Diabetes,Moderate,Moderate,2162
74,Female,92.1,158,36.9,Hypertension,Moderate,Sedentary,2134
42,Male,94.3,153,40.3,Diabetes,Mild,Moderate,2667
67,Male,76.1,184,22.5,Hypertension,Moderate,Sedentary,2489
40,Female,85.9,166,31.2,,Mild,Active,1688
48,Female,78.9,183,23.6,Hypertension,Severe,Active,1754
47,Female,54.8,173,18.3,,Moderate,Sedentary,1567
59,Female,80.6,181,24.6,Obesity,Moderate,Sedentary,2115
52,Male,56.8,150,25.2,Diabetes,Moderate,Moderate,1835
24,Female,78.4,157,31.8,Hypertension,Severe,Sedentary,2170
77,Male,91.5,194,24.3,Diabetes,Moderate,Sedentary,2320
33,Male,90.6,172,30.6,Hypertension,Mild,Sedentary,2373
43,Female,96.4,196,25.1,Obesity,Mild,Moderate,2932
65,Male,56.7,189,15.9,Diabetes,Moderate,Sedentary,1799
74,Male,95.6,161,36.9,Diabetes,Moderate,Active,3431
69,Male,71.9,161,27.7,Hypertension,Severe,Moderate,3125
77,Male,77.9,195,20.5,,Severe,Moderate,1856
66,Female,110.1,196,28.7,Obesity,Severe,Active,1755
19,Female,50.6,164,18.8,Obesity,Moderate,Active,2507
18,Female,91.2,190,25.3,Diabetes,Severe,Active,1852
65,Female,91.9,168,32.6,Obesity,Severe,Sedentary,3255
79,Male,77.8,175,25.4,Obesity,Mild,Active,3044
29,Male,66.6,178,21,Obesity,Severe,Sedentary,2023
22,Female,66.4,171,22.7,,Mild,Moderate,3360
54,Female,111.9,189,31.3,Hypertension,Mild,Moderate,2449
49,Female,80.9,170,28,,Severe,Active,2255
76,Male,73.2,187,20.9,,Mild,Sedentary,3217
72,Female,81.4,169,28.5,Diabetes,Moderate,Active,1783
26,Female,96.9,178,30.6,Hypertension,Moderate,Active,2835
58,Female,60.2,153,25.7,,Severe,Sedentary,1598
52,Male,81.5,156,33.5,Diabetes,Moderate,Active,1696
36,Male,91.2,177,29.1,Hypertension,Mild,Moderate,1981
65,Male,116.4,177,37.2,,Moderate,Active,2377
33,Male,67.7,153,28.9,Hypertension,Severe,Sedentary,2749
20,Male,75.1,171,25.7,Diabetes,Severe,Sedentary,3368
37,Male,76.6,161,29.6,Hypertension,Mild,Moderate,2114
41,Male,92.4,194,24.6,Diabetes,Severe,Sedentary,2117
71,Male,75,152,32.5,Hypertension,Moderate,Sedentary,2888
73,Female,87.3,171,29.9,Diabetes,Severe,Moderate,1867
50,Female,104.7,193,28.1,Obesity,Mild,Active,2069
41,Male,99.4,151,43.6,Hypertension,Severe,Moderate,2089
69,Male,81.2,173,27.1,Obesity,Moderate,Active,2598
28,Female,110.5,183,33,Obesity,Mild,Moderate,2565
66,Male,89.1,176,28.8,Hypertension,Moderate,Active,1921
25,Male,87.8,190,24.3,Obesity,Mild,Moderate,2335
53,Male,52.4,150,23.3,Diabetes,Severe,Active,2704
55,Female,119.1,157,48.3,Hypertension,Mild,Moderate,2044
57,Female,58.6,172,19.8,Diabetes,Mild,Active,1570
37,Female,66.2,187,18.9,,Severe,Moderate,3091
79,Female,53.6,155,22.3,Diabetes,Moderate,Sedentary,2628
52,Female,94.8,171,32.4,Hypertension,Severe,Active,2723
65,Male,65.7,174,21.7,Obesity,Mild,Moderate,2624
79,Female,62.6,167,22.4,Hypertension,Severe,Active,2267
42,Male,56.2,166,20.4,Diabetes,Mild,Active,1806
52,Male,57.2,161,22.1,Hypertension,Severe,Moderate,3109
42,Female,90.9,155,37.8,Obesity,Severe,Active,3206
46,Female,98.2,175,32.1,Obesity,Moderate,Moderate,1876
35,Male,77.8,176,25.1,Hypertension,Mild,Sedentary,2154
63,Male,83.6,157,33.9,Hypertension,Moderate,Active,2177
35,Male,98,168,34.7,Hypertension,Mild,Sedentary,1898
19,Female,51.2,191,14,Obesity,Severe,Active,3296
71,Female,72.6,150,32.3,Hypertension,Mild,Active,1720
52,Female,118.1,178,37.3,Hypertension,Moderate,Active,3118
33,Female,90.6,194,24.1,Diabetes,Moderate,Moderate,1681
78,Female,67.8,198,17.3,Diabetes,Moderate,Sedentary,1806
58,Male,86.5,184,25.5,Diabetes,Mild,Active,2021
53,Female,74,189,20.7,Diabetes,Moderate,Moderate,2919
50,Male,87.3,163,32.9,Hypertension,Moderate,Active,2513
21,Male,58.8,184,17.4,Obesity,Moderate,Moderate,1503
50,Male,59.3,197,15.3,Diabetes,Severe,Active,2362
31,Female,60,194,15.9,,Severe,Sedentary,3437
38,Female,115.8,169,40.5,Diabetes,Mild,Sedentary,2347
65,Female,101.3,198,25.8,Obesity,Mild,Active,2303
37,Male,61.4,162,23.4,Obesity,Moderate,Moderate,2804
73,Male,63.2,187,18.1,Hypertension,Severe,Active,1714
25,Male,101.2,198,25.8,Diabetes,Moderate,Moderate,2471
24,Male,60.9,195,16,Obesity,Moderate,Active,3133
20,Male,66.4,198,16.9,Hypertension,Severe,Moderate,2943
34,Male,117.4,157,47.6,,Severe,Sedentary,1600
50,Female,67.9,192,18.4,Hypertension,Severe,Active,2462
65,Female,96.3,169,33.7,,Mild,Sedentary,3044
29,Female,118.5,182,35.8,Diabetes,Mild,Sedentary,2072
76,Female,76.2,175,24.9,Obesity,Moderate,Active,2832
68,Male,51.2,188,14.5,Obesity,Mild,Active,2157
39,Male,67.1,170,23.2,Obesity,Severe,Moderate,2438
72,Female,108.2,198,27.6,Diabetes,Severe,Moderate,3454
39,Male,110.5,191,30.3,Obesity,Mild,Sedentary,3033
63,Female,103.8,192,28.2,Hypertension,Moderate,Moderate,2586
47,Female,57.9,190,16,Obesity,Moderate,Moderate,3156
55,Female,105.7,158,42.3,Hypertension,Mild,Active,1725
55,Male,114.3,173,38.2,,Moderate,Moderate,1604
62,Female,92,186,26.6,Diabetes,Moderate,Sedentary,3497
68,Female,115.9,198,29.6,,Moderate,Moderate,2271
71,Female,107.9,190,29.9,,Severe,Sedentary,3384
25,Male,96.7,166,35.1,,Severe,Active,2948
44,Male,90.4,173,30.2,Hypertension,Mild,Sedentary,2778
44,Female,74.4,170,25.7,Hypertension,Severe,Moderate,1928
51,Male,61.2,188,17.3,,Moderate,Active,1933
38,Male,92.3,190,25.6,Diabetes,Severe,Moderate,2730
47,Male,72.3,188,20.5,Hypertension,Mild,Active,2551
50,Male,110.7,162,42.2,Obesity,Severe,Active,2181
45,Male,119.5,160,46.7,Obesity,Moderate,Moderate,2859
64,Male,102.7,195,27,Diabetes,Moderate,Moderate,2087
50,Male,56.3,168,19.9,Obesity,Mild,Active,3151
22,Male,70.2,160,27.4,,Severe,Active,2592
77,Male,57.6,162,21.9,Diabetes,Severe,Moderate,2365
78,Male,95.5,195,25.1,,Severe,Sedentary,2245
65,Female,103.6,194,27.5,Diabetes,Moderate,Moderate,3036
36,Female,114.8,150,51,Hypertension,Mild,Active,2690
21,Male,80.7,189,22.6,Diabetes,Severe,Moderate,2363
52,Female,113.1,193,30.4,Diabetes,Moderate,Sedentary,3253
66,Female,111.5,168,39.5,,Moderate,Moderate,3308
34,Male,72.2,161,27.9,Hypertension,Moderate,Active,1867
61,Male,110.8,157,45,Hypertension,Severe,Moderate,1750
45,Male,76.3,157,31,Diabetes,Severe,Active,2358
47,Female,70.8,194,18.8,Hypertension,Severe,Active,2355
46,Female,95.4,161,36.8,Hypertension,Severe,Moderate,3454
63,Male,73,197,18.8,Hypertension,Severe,Active,3209
70,Male,94.1,182,28.4,Hypertension,Severe,Active,2693
23,Male,92.7,194,24.6,,Severe,Sedentary,3281
52,Female,89.4,175,29.2,Hypertension,Severe,Sedentary,3458
77,Female,76.6,188,21.7,Hypertension,Severe,Sedentary,2613
58,Female,88.4,177,28.2,Diabetes,Moderate,Sedentary,2060
54,Female,91.8,154,38.7,Obesity,Severe,Active,2969
41,Male,88.2,157,35.8,Hypertension,Mild,Moderate,1793
46,Male,81.1,174,26.8,Hypertension,Moderate,Active,2418
66,Male,51,176,16.5,Diabetes,Severe,Active,2673
63,Male,91.1,195,24,,Mild,Active,2655
70,Female,61.8,172,20.9,Diabetes,Severe,Moderate,1932
48,Female,95,179,29.6,Obesity,Mild,Sedentary,1558
52,Male,103.2,194,27.4,Hypertension,Mild,Active,2468
77,Male,85,196,22.1,Diabetes,Mild,Active,2335
50,Female,88,172,29.7,Obesity,Mild,Sedentary,1698
69,Male,116.6,198,29.7,Hypertension,Moderate,Active,1714
78,Female,109.3,196,28.5,,Moderate,Moderate,2397
38,Male,114,169,39.9,,Mild,Active,3084
49,Male,107,167,38.4,,Severe,Active,1971
40,Male,57.6,167,20.7,Diabetes,Mild,Sedentary,3267
50,Male,60.4,151,26.5,Obesity,Moderate,Active,1746
20,Male,86.9,153,37.1,Hypertension,Severe,Active,1881
35,Male,67.2,179,21,,Moderate,Moderate,2490
42,Male,83.4,182,25.2,Obesity,Moderate,Sedentary,2762
59,Female,77.6,185,22.7,,Severe,Sedentary,2426
48,Female,88.5,167,31.7,Hypertension,Mild,Moderate,2890
71,Female,102.3,186,29.6,Hypertension,Mild,Active,2691
75,Female,100.1,168,35.5,Diabetes,Mild,Sedentary,2059
20,Female,86.5,196,22.5,Obesity,Mild,Sedentary,2574
57,Male,107.6,177,34.3,Hypertension,Severe,Active,3334
63,Male,80.2,189,22.5,Hypertension,Severe,Active,3133
41,Female,112.8,169,39.5,Obesity,Severe,Sedentary,3474
67,Male,55,198,14,Hypertension,Moderate,Active,3251
49,Female,116.8,182,35.3,Diabetes,Severe,Sedentary,2188
64,Female,95.8,161,37,Hypertension,Mild,Active,1879
39,Male,76.6,164,28.5,Hypertension,Moderate,Active,1973
40,Male,63.8,190,17.7,Hypertension,Mild,Moderate,2603
19,Male,83.5,188,23.6,Diabetes,Mild,Active,2196
44,Female,63.6,151,27.9,Diabetes,Severe,Moderate,2890
59,Male,61.6,178,19.4,Diabetes,Severe,Active,2984
19,Female,93.2,190,25.8,Obesity,Mild,Sedentary,2410
43,Female,86.6,159,34.3,Diabetes,Mild,Sedentary,3062
34,Female,96.9,151,42.5,Hypertension,Moderate,Active,2975
57,Male,115.1,160,45,,Severe,Active,2987
50,Male,87.3,162,33.3,Diabetes,Moderate,Sedentary,2459
26,Female,90.7,159,35.9,Hypertension,Moderate,Active,1977
60,Male,56.3,163,21.2,Obesity,Moderate,Moderate,2503
71,Male,100.2,167,35.9,,Mild,Moderate,2425
65,Male,78,158,31.2,Obesity,Moderate,Moderate,2943
56,Female,118.4,188,33.5,Obesity,Moderate,Moderate,2206
46,Female,107.6,177,34.3,,Mild,Moderate,2737
59,Male,86.6,152,37.5,Hypertension,Severe,Active,2892
72,Female,58.6,169,20.5,,Severe,Active,2353
43,Male,110.2,155,45.9,Diabetes,Moderate,Moderate,2637
52,Male,106,176,34.2,,Mild,Active,2516
67,Male,62.9,151,27.6,Hypertension,Severe,Active,2253
42,Male,70.7,178,22.3,Hypertension,Moderate,Moderate,2002
41,Female,105.5,187,30.2,Diabetes,Moderate,Active,3159
30,Female,63,152,27.3,Obesity,Mild,Active,2316
77,Female,114.2,165,41.9,Diabetes,Moderate,Active,2087
75,Male,79.7,179,24.9,,Severe,Moderate,2834
24,Male,56.1,189,15.7,,Mild,Active,2992
74,Male,107.1,151,47,Diabetes,Severe,Sedentary,3347
53,Female,76.1,166,27.6,,Severe,Sedentary,2207
62,Male,86.9,190,24.1,Obesity,Severe,Moderate,3386
37,Female,57.9,161,22.3,Obesity,Moderate,Sedentary,2567
18,Female,50.2,184,14.8,Hypertension,Moderate,Moderate,2938
25,Female,94.7,192,25.7,Diabetes,Severe,Sedentary,3221
63,Female,86.1,150,38.3,Diabetes,Severe,Sedentary,3378
33,Female,91.5,194,24.3,Hypertension,Mild,Sedentary,2769
31,Female,105.6,164,39.3,,Mild,Moderate,3472
29,Male,95.3,175,31.1,Diabetes,Moderate,Moderate,2607
68,Male,62.2,186,18,,Moderate,Active,1706
40,Female,75.3,170,26.1,Hypertension,Mild,Moderate,1650
32,Female,113.4,198,28.9,Hypertension,Severe,Sedentary,2167
45,Male,103.9,180,32.1,Obesity,Moderate,Sedentary,2027
51,Female,89,174,29.4,,Severe,Moderate,1664
19,Female,67.9,172,23,Hypertension,Mild,Moderate,2416
49,Male,71.1,173,23.8,Hypertension,Moderate,Moderate,3498
40,Female,101.2,187,28.9,Hypertension,Moderate,Active,2668
39,Female,109.6,177,35,Diabetes,Mild,Sedentary,2509
68,Female,97,170,33.6,Diabetes,Moderate,Active,1536
42,Male,106.7,192,28.9,Hypertension,Mild,Active,1832
75,Male,103.7,167,37.2,Hypertension,Moderate,Sedentary,1902
79,Male,60.5,185,17.7,Obesity,Mild,Sedentary,1913
78,Female,79.7,184,23.5,Hypertension,Moderate,Moderate,1544
39,Female,60.7,194,16.1,Hypertension,Severe,Moderate,2925
75,Male,66.5,158,26.6,Hypertension,Severe,Active,1705
75,Female,110.8,187,31.7,Obesity,Severe,Moderate,1561
39,Female,83.1,179,25.9,,Moderate,Moderate,1919
66,Female,87.5,193,23.5,Hypertension,Moderate,Sedentary,2367
69,Female,62.5,183,18.7,Obesity,Severe,Sedentary,2991
59,Female,71.9,181,21.9,Diabetes,Severe,Moderate,2319
23,Male,66.1,152,28.6,Hypertension,Mild,Sedentary,1518
32,Female,64.4,152,27.9,Hypertension,Mild,Moderate,1864
71,Male,94.7,177,30.2,Hypertension,Mild,Sedentary,2823
60,Female,68,193,18.3,Obesity,Severe,Sedentary,2530
77,Male,94.2,164,35,,Severe,Sedentary,3284
54,Female,54.1,190,15,Diabetes,Severe,Sedentary,1927
50,Male,59.9,172,20.2,Obesity,Mild,Moderate,2640
25,Female,69.2,189,19.4,Hypertension,Moderate,Active,2079
70,Male,91.8,160,35.9,Diabetes,Severe,Sedentary,3030
77,Female,97.3,197,25.1,Diabetes,Moderate,Moderate,2045
61,Male,81,181,24.7,Hypertension,Moderate,Moderate,3229
61,Female,81.2,185,23.7,Diabetes,Moderate,Sedentary,1824
22,Male,100.7,182,30.4,Diabetes,Mild,Active,1554
56,Male,51.1,173,17.1,Diabetes,Moderate,Sedentary,2277
21,Female,73.9,188,20.9,Hypertension,Severe,Moderate,2491
23,Female,107.3,183,32,Obesity,Mild,Active,1541
62,Male,92.2,177,29.4,Hypertension,Severe,Moderate,2820
49,Female,73.6,186,21.3,,Severe,Sedentary,3496
69,Male,113.4,156,46.6,Hypertension,Mild,Active,1730
47,Male,104.1,153,44.5,Obesity,Severe,Moderate,1952
64,Male,68.5,186,19.8,,Severe,Moderate,3413
52,Female,95.2,150,42.3,Obesity,Mild,Moderate,1893
72,Male,91.7,150,40.8,Hypertension,Severe,Sedentary,3045
57,Male,78.1,196,20.3,Obesity,Moderate,Active,2881
69,Female,75.7,169,26.5,Diabetes,Severe,Sedentary,2967
33,Female,74,168,26.2,Hypertension,Moderate,Sedentary,2651
30,Female,93.2,178,29.4,Hypertension,Severe,Sedentary,2190
67,Female,81,159,32,Hypertension,Mild,Active,2928
77,Male,108.2,167,38.8,Diabetes,Mild,Sedentary,1891
59,Male,96.9,177,30.9,,Severe,Sedentary,2716
47,Male,54.9,184,16.2,Obesity,Mild,Sedentary,2103
36,Male,94.8,192,25.7,Hypertension,Severe,Sedentary,2380
34,Female,69,196,18,,Mild,Moderate,3266
73,Male,91.5,180,28.2,Hypertension,Moderate,Sedentary,2601
36,Male,97.6,176,31.5,,Severe,Moderate,1584
45,Female,66.2,160,25.9,Hypertension,Moderate,Sedentary,2553
75,Male,82,198,20.9,Diabetes,Moderate,Active,3248
72,Male,63.3,198,16.1,Obesity,Severe,Moderate,1548
43,Male,53.7,187,15.4,Obesity,Moderate,Moderate,3300
54,Male,76.5,154,32.3,Obesity,Severe,Moderate,2668
43,Male,75.4,157,30.6,,Moderate,Moderate,1568
70,Male,119.7,183,35.7,Obesity,Severe,Active,2581
79,Female,81.2,197,20.9,Obesity,Severe,Sedentary,2196
40,Female,73.3,161,28.3,,Mild,Moderate,3097
26,Male,90.6,187,25.9,Obesity,Severe,Active,1978
29,Male,56.2,150,25,Hypertension,Severe,Moderate,2319
70,Female,117.3,180,36.2,,Moderate,Sedentary,2968
18,Male,94.4,153,40.3,Diabetes,Severe,Moderate,2819
75,Male,102.8,198,26.2,Obesity,Mild,Active,3201
75,Male,61.9,194,16.4,,Moderate,Sedentary,2694
18,Female,78.7,199,19.9,Obesity,Moderate,Active,3098
64,Male,79.6,154,33.6,Obesity,Mild,Sedentary,1646
51,Female,107.5,179,33.6,Obesity,Moderate,Sedentary,3007
49,Male,50.1,173,16.7,Hypertension,Moderate,Sedentary,2829
79,Female,71.1,152,30.8,,Moderate,Moderate,3196
71,Female,118.7,160,46.4,Diabetes,Moderate,Active,3176
65,Male,83.2,194,22.1,Diabetes,Mild,Active,3369
42,Female,76.8,153,32.8,Diabetes,Mild,Active,2515
57,Male,58.4,175,19.1,Hypertension,Moderate,Sedentary,2108
62,Female,118.2,176,38.2,Hypertension,Moderate,Moderate,1945
70,Male,51.4,195,13.5,,Mild,Sedentary,1720
18,Male,101.6,192,27.6,Hypertension,Mild,Active,3078
33,Female,103.8,176,33.5,Hypertension,Mild,Moderate,3468
78,Male,67.1,191,18.4,Diabetes,Moderate,Moderate,3327
56,Male,97,199,24.5,Hypertension,Moderate,Moderate,2901
22,Female,56.5,155,23.5,Obesity,Severe,Active,3143
39,Male,68,164,25.3,Diabetes,Mild,Moderate,2789
46,Male,105.2,179,32.8,Diabetes,Moderate,Moderate,1594
72,Female,110.5,191,30.3,Diabetes,Mild,Sedentary,1761
20,Female,92.6,186,26.8,Diabetes,Moderate,Sedentary,3348
29,Male,85.5,186,24.7,Hypertension,Mild,Moderate,2396
43,Male,61.2,191,16.8,Diabetes,Moderate,Moderate,2594
33,Female,54.4,186,15.7,Obesity,Severe,Sedentary,3477
68,Female,58.2,184,17.2,,Severe,Sedentary,1718
54,Male,65.9,172,22.3,Hypertension,Mild,Sedentary,3056
39,Female,73.9,155,30.8,,Moderate,Active,1591
74,Male,76.7,153,32.8,Hypertension,Moderate,Active,1626
46,Male,74.2,167,26.6,Hypertension,Mild,Sedentary,1579
31,Male,66.7,158,26.7,,Moderate,Moderate,3347
45,Male,85.7,198,21.9,Diabetes,Mild,Sedentary,2761
22,Male,107.8,178,34,,Moderate,Active,2482
64,Female,69.6,162,26.5,Diabetes,Mild,Moderate,2895
66,Female,116,196,30.2,Hypertension,Moderate,Active,2415
47,Female,111.1,166,40.3,Diabetes,Mild,Moderate,1985
63,Female,61.3,194,16.3,Obesity,Moderate,Active,2193
79,Male,105,181,32.1,Obesity,Severe,Moderate,1524
69,Male,90.2,197,23.2,Obesity,Moderate,Moderate,1655
22,Male,89.7,171,30.7,Hypertension,Mild,Moderate,3040
29,Male,77.4,153,33.1,Hypertension,Severe,Moderate,2131
33,Female,85.1,154,35.9,Diabetes,Moderate,Active,3312
43,Male,77.8,186,22.5,Hypertension,Severe,Active,3053
43,Male,87.8,190,24.3,,Moderate,Moderate,3466
65,Female,94,198,24,Hypertension,Severe,Moderate,3233
38,Female,97.2,162,37,,Mild,Active,2580
56,Female,87.3,183,26.1,,Moderate,Moderate,3128
53,Female,100.5,194,26.7,Hypertension,Moderate,Moderate,1518
50,Male,59.9,171,20.5,Obesity,Mild,Moderate,2907
79,Male,64.8,172,21.9,Diabetes,Severe,Sedentary,3388
47,Female,107.3,152,46.4,Diabetes,Mild,Moderate,2716
54,Male,72.6,191,19.9,Diabetes,Mild,Sedentary,1736
40,Male,51.6,183,15.4,Hypertension,Severe,Moderate,2910
75,Male,60.8,181,18.6,Hypertension,Mild,Active,2949
27,Female,65.7,194,17.5,Hypertension,Moderate,Sedentary,1776
71,Male,117,198,29.8,Hypertension,Moderate,Sedentary,2750
22,Female,90.1,170,31.2,Hypertension,Moderate,Moderate,2244
53,Male,115.3,195,30.3,Obesity,Mild,Moderate,2051
51,Male,90.3,193,24.2,Obesity,Moderate,Sedentary,2846
69,Male,83.6,170,28.9,Diabetes,Moderate,Active,2676
48,Female,72,193,19.3,Diabetes,Moderate,Active,2138
27,Male,92.4,160,36.1,Obesity,Moderate,Moderate,1736
75,Female,59.7,188,16.9,Hypertension,Moderate,Active,2497
36,Female,112.9,153,48.2,Obesity,Moderate,Active,1554
75,Female,108.1,150,48,Hypertension,Mild,Moderate,2959
49,Male,72.2,177,23,Hypertension,Moderate,Active,2183
18,Male,116.7,173,39,Diabetes,Moderate,Moderate,1608
73,Male,107.8,184,31.8,Diabetes,Severe,Sedentary,3389
22,Male,96.6,162,36.8,Obesity,Mild,Moderate,2707
62,Female,58.5,196,15.2,Hypertension,Mild,Sedentary,3474
21,Female,83.5,183,24.9,Obesity,Mild,Sedentary,2891
33,Female,85.4,160,33.4,,Mild,Active,2721
41,Male,66.3,185,19.4,Hypertension,Moderate,Active,2894
33,Female,55.6,166,20.2,Obesity,Moderate,Active,1872
72,Male,104.4,184,30.8,Hypertension,Severe,Moderate,2472
19,Female,58.5,167,21,Hypertension,Severe,Active,3020
66,Male,91.6,189,25.6,Obesity,Mild,Sedentary,3122
45,Male,115.6,171,39.5,Hypertension,Severe,Active,1700
49,Female,111.3,173,37.2,Hypertension,Severe,Active,2348
44,Female,69.4,168,24.6,Diabetes,Mild,Moderate,2008
37,Female,109.6,186,31.7,Hypertension,Mild,Moderate,2845
41,Female,50,188,14.1,,Severe,Sedentary,1774
29,Male,51.2,170,17.7,,Moderate,Moderate,1710
67,Female,92.2,157,37.4,Obesity,Severe,Active,2003
52,Female,75.5,177,24.1,Obesity,Severe,Moderate,3426
77,Female,77.1,154,32.5,Hypertension,Moderate,Sedentary,2641
50,Male,89.5,166,32.5,Hypertension,Moderate,Active,2202
50,Male,63.4,186,18.3,Diabetes,Mild,Sedentary,3077
78,Female,64.8,185,18.9,Hypertension,Mild,Moderate,1541
68,Male,83.9,168,29.7,Hypertension,Severe,Moderate,1814
60,Female,102.8,176,33.2,,Moderate,Sedentary,2287
54,Male,93.4,183,27.9,Hypertension,Mild,Active,1828
29,Male,70.8,160,27.7,Hypertension,Severe,Moderate,2540
20,Male,80.1,194,21.3,Hypertension,Moderate,Moderate,1782
18,Male,61.9,196,16.1,Obesity,Severe,Active,2442
50,Female,55.2,161,21.3,Obesity,Mild,Moderate,1757
57,Female,104.8,170,36.3,Diabetes,Mild,Sedentary,2074
27,Female,68.6,160,26.8,Hypertension,Moderate,Moderate,2073
60,Male,62.4,188,17.7,,Severe,Moderate,2111
61,Female,98.4,177,31.4,Hypertension,Moderate,Active,2542
46,Female,93.3,154,39.3,Diabetes,Mild,Sedentary,3052
30,Female,94.3,166,34.2,Obesity,Mild,Active,2336
29,Male,66,169,23.1,,Severe,Moderate,1922
48,Male,66.3,190,18.4,Diabetes,Severe,Moderate,2989
63,Male,65.5,195,17.2,Obesity,Severe,Active,2896
19,Female,62.2,161,24,,Moderate,Active,2257
78,Female,95.9,155,39.9,Hypertension,Severe,Active,2262
68,Female,109.4,166,39.7,,Severe,Sedentary,3490
67,Male,100.7,168,35.7,Obesity,Mild,Moderate,2604
52,Male,105.4,175,34.4,Obesity,Mild,Active,3074
40,Female,78.3,197,20.2,Obesity,Severe,Moderate,3071
34,Male,95.8,193,25.7,Diabetes,Severe,Sedentary,1923
43,Male,74.8,193,20.1,Diabetes,Mild,Sedentary,1928
25,Male,86.8,181,26.5,Hypertension,Severe,Sedentary,2911
46,Male,83.7,155,34.8,Diabetes,Moderate,Sedentary,3444
43,Female,62.4,185,18.2,Hypertension,Moderate,Moderate,3232
27,Male,77.1,187,22,,Moderate,Sedentary,3193
43,Male,117.5,160,45.9,,Severe,Sedentary,1703
79,Male,67.4,182,20.3,Obesity,Mild,Active,1695
51,Male,59.4,173,19.8,,Severe,Sedentary,2227
68,Female,79.3,172,26.8,Obesity,Severe,Active,1784
58,Female,105.3,164,39.2,Hypertension,Mild,Sedentary,3492
24,Male,90.8,176,29.3,Diabetes,Mild,Sedentary,1695
21,Male,97.7,160,38.2,Hypertension,Mild,Active,1806
75,Male,63.3,199,16,Obesity,Moderate,Sedentary,3187
70,Male,93.3,166,33.9,Hypertension,Severe,Moderate,1513
67,Male,72.6,163,27.3,Obesity,Mild,Moderate,3360
62,Male,108.4,176,35,Diabetes,Severe,Sedentary,2669
28,Female,94.1,167,33.7,Obesity,Moderate,Moderate,3461
46,Male,63.9,177,20.4,,Moderate,Active,2580
73,Female,54.5,196,14.2,Obesity,Mild,Sedentary,2222
53,Female,53,196,13.8,,Mild,Sedentary,2279
42,Male,76,153,32.5,,Severe,Active,2733
38,Female,68.6,156,28.2,,Mild,Active,2028
78,Female,95.2,194,25.3,,Severe,Active,2297
74,Female,85,184,25.1,,Mild,Sedentary,1843
53,Female,68.6,197,17.7,Obesity,Severe,Active,3238
27,Female,60.4,158,24.2,Diabetes,Severe,Active,3134
54,Female,58.9,157,23.9,Hypertension,Severe,Moderate,2802
26,Male,110.5,194,29.4,Hypertension,Severe,Moderate,1708
41,Female,67,166,24.3,Hypertension,Moderate,Sedentary,2140
52,Female,95.6,166,34.7,Hypertension,Severe,Moderate,2858
66,Female,106.7,198,27.2,,Mild,Moderate,2811
52,Male,93,182,28.1,,Moderate,Active,1751
65,Female,110.2,181,33.6,,Moderate,Active,2788
53,Male,77.5,157,31.4,Hypertension,Severe,Moderate,1770
35,Female,116.9,168,41.4,Diabetes,Moderate,Moderate,3447
66,Male,59.3,187,17,Diabetes,Severe,Moderate,2419
56,Male,57.2,152,24.8,Hypertension,Mild,Sedentary,3223
49,Female,96.1,154,40.5,Diabetes,Severe,Sedentary,1918
41,Female,116,162,44.2,Diabetes,Moderate,Sedentary,3249
40,Male,106.6,196,27.7,,Mild,Moderate,2294
79,Female,55.3,195,14.5,Obesity,Severe,Moderate,2734
49,Male,69.6,180,21.5,Hypertension,Mild,Sedentary,2888
54,Male,115.1,165,42.3,Diabetes,Mild,Sedentary,2599
29,Male,67.7,199,17.1,Hypertension,Moderate,Moderate,3183
66,Male,104.7,181,32,Diabetes,Mild,Active,2844
72,Male,107.8,171,36.9,,Moderate,Sedentary,2224
30,Female,84.7,178,26.7,Hypertension,Mild,Moderate,1932
40,Male,77,171,26.3,Hypertension,Severe,Moderate,1608
42,Male,81.5,192,22.1,Hypertension,Mild,Active,2140
52,Female,65.9,152,28.5,Diabetes,Severe,Moderate,3045
58,Male,112.3,159,44.4,Obesity,Severe,Moderate,2570
47,Female,81.5,191,22.3,Obesity,Mild,Sedentary,1878
34,Female,111.8,170,38.7,Obesity,Severe,Sedentary,3350
66,Female,57.4,165,21.1,Diabetes,Mild,Active,2619
79,Male,119.2,161,46,Hypertension,Mild,Active,2457
37,Male,81,151,35.5,Hypertension,Severe,Moderate,1602
65,Male,53.3,190,14.8,,Severe,Sedentary,2391
42,Female,52.7,173,17.6,Hypertension,Moderate,Active,2353
39,Male,102.2,184,30.2,Hypertension,Severe,Active,2669
30,Female,96.1,179,30,Obesity,Moderate,Active,3403
76,Male,106.1,179,33.1,Obesity,Severe,Moderate,3465
36,Female,57.4,196,14.9,Hypertension,Mild,Sedentary,3451
66,Male,52.5,184,15.5,Hypertension,Severe,Active,2550
53,Male,85.6,168,30.3,Hypertension,Mild,Sedentary,3255
29,Male,77.1,199,19.5,,Mild,Active,2029
78,Female,82.3,157,33.4,Hypertension,Mild,Active,2178
58,Female,119.4,175,39,,Moderate,Sedentary,3468
36,Male,118,198,30.1,Hypertension,Severe,Sedentary,2488
29,Male,116,189,32.5,,Mild,Sedentary,2605
26,Female,104.9,156,43.1,,Mild,Moderate,1927
24,Female,74.8,179,23.3,Hypertension,Moderate,Active,3107
45,Female,78.8,156,32.4,,Severe,Moderate,2321
31,Male,88.5,152,38.3,Diabetes,Severe,Sedentary,3002
48,Female,108.1,150,48,,Moderate,Active,3289
69,Male,54.8,185,16,Obesity,Moderate,Moderate,2685
36,Female,79.7,174,26.3,Diabetes,Severe,Active,3362
75,Male,55.8,186,16.1,Obesity,Moderate,Moderate,2431
64,Female,86,150,38.2,,Severe,Sedentary,2925
33,Female,112.9,164,42,Diabetes,Severe,Moderate,3031
70,Female,104.8,186,30.3,Hypertension,Mild,Active,2561
22,Female,65.9,162,25.1,Obesity,Mild,Active,3478
52,Female,118.3,189,33.1,,Severe,Active,2010
29,Male,96.7,157,39.2,Hypertension,Severe,Active,1892
42,Female,50.7,154,21.4,Diabetes,Severe,Sedentary,2212
69,Female,67.9,158,27.2,Diabetes,Severe,Moderate,1993
76,Female,68.2,150,30.3,Hypertension,Severe,Sedentary,2723
38,Male,54.8,185,16,Hypertension,Severe,Sedentary,2778
53,Female,117.2,184,34.6,,Moderate,Sedentary,2702
70,Male,83.5,151,36.6,Diabetes,Severe,Active,2046
40,Female,112.7,189,31.6,Obesity,Moderate,Active,2093
33,Female,72.6,172,24.5,Diabetes,Moderate,Active,1888
74,Male,58.8,158,23.6,Diabetes,Severe,Moderate,2921
56,Female,83.2,183,24.8,Hypertension,Severe,Active,3255
62,Male,58,195,15.3,Hypertension,Moderate,Moderate,1657
70,Male,84,163,31.6,Obesity,Moderate,Active,2527
59,Female,114.4,153,48.9,,Severe,Active,1666
75,Male,86.5,179,27,Obesity,Severe,Sedentary,2991
56,Female,93.2,180,28.8,,Moderate,Sedentary,2459
31,Female,61,187,17.4,,Moderate,Sedentary,1908
48,Male,53.1,160,20.7,Hypertension,Moderate,Moderate,2935
75,Male,57.8,184,17.1,,Mild,Moderate,2727
22,Male,91.9,157,37.3,Obesity,Moderate,Active,1693
52,Male,56.7,152,24.5,Diabetes,Mild,Moderate,1734
40,Female,76.3,163,28.7,Obesity,Severe,Active,2217
46,Female,88.5,162,33.7,Diabetes,Severe,Moderate,2673
60,Male,77.2,194,20.5,Hypertension,Moderate,Moderate,2682
28,Female,61.5,181,18.8,Obesity,Severe,Moderate,2802
35,Female,69.2,183,20.7,Diabetes,Severe,Sedentary,2315
64,Female,115,194,30.6,Diabetes,Severe,Moderate,1903
29,Female,97.3,168,34.5,,Severe,Sedentary,2392
26,Male,84.7,187,24.2,Obesity,Mild,Sedentary,2177
27,Male,50.9,165,18.7,Diabetes,Mild,Moderate,2834
75,Female,119.5,151,52.4,Obesity,Moderate,Active,1567
61,Male,97,189,27.2,Hypertension,Moderate,Active,2986
34,Male,72.2,166,26.2,Hypertension,Moderate,Active,1587
78,Male,111.5,183,33.3,,Severe,Moderate,1716
55,Female,68.1,191,18.7,Obesity,Severe,Active,1500
24,Female,88.1,165,32.4,Hypertension,Mild,Sedentary,2658
63,Female,94.5,187,27,,Mild,Active,3220
30,Male,65.5,151,28.7,,Moderate,Moderate,2874
57,Female,118.5,151,52,Diabetes,Mild,Active,1639
59,Female,102.4,175,33.4,Diabetes,Mild,Sedentary,2117
26,Male,89,162,33.9,Diabetes,Mild,Moderate,1632
67,Female,62.6,196,16.3,Obesity,Mild,Active,3143
44,Female,53.8,180,16.6,Obesity,Mild,Moderate,1677
75,Male,72.4,183,21.6,Obesity,Moderate,Moderate,2309
19,Male,102.7,188,29.1,,Moderate,Moderate,2881
22,Male,68.9,152,29.8,Obesity,Mild,Active,1879
46,Female,87.8,157,35.6,Diabetes,Moderate,Moderate,2407
54,Female,101,172,34.1,Hypertension,Severe,Active,3394
55,Female,57.6,163,21.7,Hypertension,Mild,Sedentary,2157
36,Male,98,176,31.6,Hypertension,Severe,Active,1949
25,Male,56.4,178,17.8,Obesity,Moderate,Sedentary,2085
65,Female,117.6,188,33.3,,Moderate,Active,1962
62,Female,84.2,188,23.8,Hypertension,Severe,Moderate,2489
18,Male,60.5,150,26.9,Hypertension,Moderate,Active,2631
39,Male,74,166,26.9,Obesity,Mild,Moderate,1621
69,Male,78.9,190,21.9,Hypertension,Severe,Sedentary,1516
34,Male,103.1,179,32.2,Diabetes,Mild,Active,2719
24,Female,102,162,38.9,Hypertension,Severe,Moderate,1826
42,Male,92.8,170,32.1,Diabetes,Moderate,Sedentary,1817
62,Female,57.4,168,20.3,,Severe,Sedentary,2308
21,Female,60.6,168,21.5,Diabetes,Severe,Active,3002
53,Female,56.6,174,18.7,Hypertension,Mild,Sedentary,2775
23,Male,90.4,171,30.9,Hypertension,Moderate,Moderate,2002
77,Male,111.4,180,34.4,,Mild,Sedentary,1618
48,Male,80.4,166,29.2,Diabetes,Moderate,Sedentary,3197
36,Male,61.3,172,20.7,Diabetes,Mild,Moderate,2209
78,Female,89.1,181,27.2,Diabetes,Severe,Sedentary,3021
61,Male,106.8,159,42.2,Diabetes,Mild,Sedentary,3009
71,Male,101.9,159,40.3,Diabetes,Moderate,Sedentary,1544
56,Female,111.7,185,32.6,Obesity,Moderate,Sedentary,1813
44,Male,69.5,157,28.2,Diabetes,Severe,Moderate,2702
27,Female,63.6,169,22.3,Diabetes,Moderate,Sedentary,3417
43,Female,111.6,181,34.1,,Mild,Moderate,1917
36,Female,96,199,24.2,Hypertension,Severe,Sedentary,2055
56,Female,71.8,163,27,Hypertension,Moderate,Sedentary,3306
79,Female,102,199,25.8,Hypertension,Moderate,Sedentary,2601
20,Female,107.1,177,34.2,,Mild,Sedentary,1825
62,Female,93,195,24.5,Diabetes,Mild,Moderate,3213
30,Female,98.2,173,32.8,,Severe,Moderate,2880
67,Male,76.3,164,28.4,Obesity,Moderate,Moderate,2939
45,Male,87.7,171,30,Diabetes,Mild,Active,3486
79,Male,86.7,179,27.1,,Severe,Sedentary,2014
75,Male,109.4,153,46.7,Diabetes,Moderate,Sedentary,1713
37,Female,108.8,162,41.5,Diabetes,Moderate,Moderate,3377
45,Male,108.3,172,36.6,,Severe,Active,1573
25,Female,50.8,157,20.6,Obesity,Severe,Sedentary,3086
78,Male,102.5,167,36.8,Obesity,Mild,Moderate,3102
58,Male,103.1,161,39.8,Diabetes,Moderate,Sedentary,2008
56,Male,97.5,180,30.1,Hypertension,Moderate,Sedentary,1831
18,Female,102.9,163,38.7,Obesity,Moderate,Moderate,2616
20,Male,108.9,183,32.5,Hypertension,Severe,Moderate,2187
30,Female,82.9,167,29.7,Hypertension,Mild,Sedentary,2156
45,Female,85.1,183,25.4,Diabetes,Moderate,Sedentary,3042
79,Male,58.7,160,22.9,Diabetes,Severe,Moderate,2792
74,Male,77,190,21.3,,Moderate,Sedentary,2899
77,Male,95,161,36.6,Hypertension,Mild,Sedentary,3357
66,Female,104.6,198,26.7,,Moderate,Moderate,2527
42,Male,65.2,164,24.2,Hypertension,Mild,Sedentary,2661
73,Female,59.6,180,18.4,Obesity,Mild,Sedentary,2754
50,Female,96.4,198,24.6,Diabetes,Moderate,Active,2099
55,Male,50.1,178,15.8,Hypertension,Moderate,Moderate,3052
70,Male,62.5,175,20.4,Diabetes,Mild,Active,2575
23,Female,52,167,18.6,Hypertension,Severe,Active,3169
75,Female,61.7,181,18.8,Hypertension,Mild,Active,3246
61,Female,62.7,171,21.4,,Moderate,Sedentary,1824
62,Male,77.1,187,22,Obesity,Moderate,Sedentary,2491
49,Female,78.2,166,28.4,Diabetes,Severe,Active,3493
62,Male,111.2,172,37.6,Diabetes,Mild,Active,3428
78,Female,85.7,173,28.6,Diabetes,Mild,Active,3254
64,Female,100.6,199,25.4,Hypertension,Mild,Sedentary,2216
38,Male,57.3,157,23.2,Obesity,Moderate,Active,2222
33,Female,65.8,190,18.2,,Mild,Active,1776
71,Male,99.2,155,41.3,Diabetes,Severe,Moderate,2035
38,Male,53.7,154,22.6,Hypertension,Moderate,Moderate,3009
28,Female,84.1,193,22.6,Hypertension,Moderate,Sedentary,3039
77,Male,92,178,29,Obesity,Mild,Moderate,1651
54,Male,92.2,177,29.4,Hypertension,Severe,Moderate,2454
53,Female,51.6,160,20.2,Obesity,Moderate,Moderate,3006
52,Male,72.5,150,32.2,Obesity,Moderate,Sedentary,1758
36,Male,94.6,192,25.7,Diabetes,Mild,Moderate,1823
37,Male,60.4,168,21.4,Obesity,Mild,Sedentary,2516
74,Female,98.7,158,39.5,Diabetes,Severe,Active,2368
35,Male,102.2,176,33,Obesity,Mild,Moderate,2691
64,Female,118.7,183,35.4,Hypertension,Severe,Sedentary,2187
58,Female,64.7,193,17.4,Hypertension,Moderate,Moderate,1809
66,Male,107.8,153,46.1,,Severe,Active,2302
31,Male,86.4,185,25.2,,Severe,Sedentary,3002
32,Male,76.1,167,27.3,,Severe,Sedentary,2579
48,Female,58.6,164,21.8,Hypertension,Moderate,Sedentary,2119
18,Male,101.5,162,38.7,Obesity,Mild,Active,1972
70,Male,66.5,168,23.6,Hypertension,Moderate,Active,2819
71,Male,76,198,19.4,,Mild,Active,1960
71,Male,54.4,155,22.6,Hypertension,Severe,Sedentary,2847
20,Male,106.1,197,27.3,,Severe,Active,2313
33,Female,103.7,161,40,,Severe,Moderate,2345
40,Female,101.4,186,29.3,Obesity,Severe,Active,2664
74,Male,71,166,25.8,Diabetes,Severe,Sedentary,2166
28,Male,62.1,172,21,Diabetes,Mild,Moderate,1761
29,Male,94.6,175,30.9,,Mild,Active,3308
27,Male,84.7,178,26.7,Diabetes,Severe,Moderate,2943
49,Female,62.5,182,18.9,,Moderate,Moderate,3267
33,Male,98,176,31.6,Hypertension,Moderate,Sedentary,2764
25,Female,119.4,174,39.4,Hypertension,Severe,Moderate,1854
55,Female,102.3,159,40.5,,Mild,Moderate,3372
29,Male,101.8,196,26.5,Obesity,Moderate,Sedentary,2269
41,Female,116.5,172,39.4,Hypertension,Moderate,Sedentary,3284
45,Female,64.2,170,22.2,Hypertension,Moderate,Sedentary,3112
70,Female,89.6,170,31,Hypertension,Severe,Moderate,1679
25,Female,118.6,192,32.2,Obesity,Moderate,Moderate,1565
75,Male,61.6,162,23.5,Diabetes,Moderate,Moderate,2319
45,Male,99,186,28.6,,Moderate,Sedentary,2871
53,Female,91,182,27.5,,Moderate,Active,1670
43,Male,91.1,173,30.4,Hypertension,Mild,Moderate,1973
25,Male,98.8,193,26.5,Obesity,Severe,Active,2033
75,Male,115.1,160,45,Hypertension,Severe,Sedentary,2890
77,Male,104.8,166,38,Hypertension,Mild,Moderate,2630
67,Male,53.9,153,23,,Mild,Active,1938
45,Female,109.7,196,28.6,Diabetes,Severe,Moderate,2334
45,Male,65.8,174,21.7,Diabetes,Moderate,Moderate,1726
54,Male,76.4,179,23.8,Hypertension,Moderate,Moderate,2967
58,Male,82.3,158,33,Hypertension,Severe,Active,1941
53,Male,83.7,170,29,Hypertension,Moderate,Sedentary,1895
44,Female,80.5,169,28.2,Obesity,Mild,Moderate,2227
71,Female,115.6,168,41,Obesity,Moderate,Sedentary,3104
34,Female,99.4,168,35.2,Obesity,Moderate,Sedentary,1583
26,Female,94.2,161,36.3,Diabetes,Moderate,Active,3138
50,Male,53.5,186,15.5,Hypertension,Severe,Active,3074
70,Female,113.3,191,31.1,Diabetes,Mild,Sedentary,2536
37,Male,113.7,166,41.3,Diabetes,Moderate,Moderate,3332
30,Male,104.6,186,30.2,Hypertension,Severe,Active,3348
45,Male,50.5,197,13,Diabetes,Moderate,Moderate,2192
65,Male,54,188,15.3,Diabetes,Mild,Moderate,1992
46,Male,65.8,177,21,Diabetes,Moderate,Moderate,2791
30,Female,59.2,190,16.4,,Mild,Sedentary,3048
63,Female,77.9,184,23,,Moderate,Moderate,2643
52,Female,114.6,196,29.8,Obesity,Mild,Sedentary,2469
78,Female,83,197,21.4,,Moderate,Sedentary,1852
23,Male,50.9,167,18.3,Obesity,Mild,Moderate,2580
35,Female,69.8,163,26.3,Hypertension,Moderate,Moderate,1539
68,Male,53.1,184,15.7,Diabetes,Moderate,Moderate,3409
22,Female,52.5,193,14.1,Obesity,Severe,Moderate,2859
64,Male,69.3,190,19.2,Obesity,Severe,Sedentary,2139
42,Male,69.3,156,28.5,Obesity,Mild,Moderate,1672
19,Female,105.1,190,29.1,Obesity,Moderate,Moderate,3070
27,Male,118.2,162,45,Hypertension,Mild,Sedentary,1758
73,Male,76,167,27.3,Obesity,Severe,Active,3411
47,Female,80,186,23.1,,Mild,Active,2016
67,Male,109.1,162,41.6,Hypertension,Mild,Sedentary,2229
76,Female,68.8,185,20.1,Obesity,Severe,Active,2022
62,Female,60.9,180,18.8,Hypertension,Moderate,Sedentary,3417
22,Female,109.7,151,48.1,Obesity,Mild,Moderate,2338
72,Male,53.3,165,19.6,Obesity,Severe,Moderate,1616
73,Male,93.4,158,37.4,Diabetes,Moderate,Active,1683
50,Male,89.3,158,35.8,Obesity,Severe,Moderate,3429
71,Female,74.2,187,21.2,Diabetes,Mild,Active,3397
18,Male,72.1,160,28.2,Obesity,Moderate,Active,2639
35,Female,104,171,35.6,Hypertension,Moderate,Moderate,1661
49,Female,56,182,16.9,Obesity,Severe,Moderate,3102
64,Male,66.6,185,19.5,Diabetes,Severe,Active,3235
66,Female,101.3,194,26.9,Obesity,Severe,Moderate,2042
